DROP DATABASE IF EXISTS project;
CREATE DATABASE project;
use project;

-- ALL USERS ARE IN THIS TABLE
-- THIS TABLE IS USED TO DEFINE WHAT TYPE OF USER THEY ARE IE. STUDENT FACULTY GUEST
-- typeID DEFINES THE TYPE OF USER 
-- typeID IS ONE OF 3 VALUES F - Faculty, G - Guest, S - Student

CREATE TABLE users (
	userID INT NOT NULL auto_increment,
	typeID ENUM ('F','G','S') NOT NULL,
    username VARCHAR(30) UNIQUE,
    salt VARCHAR(100) UNIQUE,
    encryptedPassword VARCHAR(100),
	constraint user_pk primary key (userID)
) AUTO_INCREMENT = 1; 
-- GUEST INFORMATION START
CREATE TABLE guest(
    guestID INT NOT NULL,
    business VARCHAR(30),
    fname VARCHAR(30),
    lname VARCHAR(30),
    contactinfo VARCHAR(30),
    CONSTRAINT guest_pk PRIMARY KEY (guestID),
    CONSTRAINT guest_id_fk FOREIGN KEY (guestID) REFERENCES users(userID)
    ON DELETE CASCADE
	ON UPDATE CASCADE
);
-- GUEST INFORMATION END

CREATE TABLE student (
	studentID int,
    fname VARCHAR(30),
    lname VARCHAR(30),
    email VARCHAR(30),
    phonenumber VARCHAR(30), 
    CONSTRAINT student_pk PRIMARY KEY (studentID),
    CONSTRAINT student_id_fk FOREIGN KEY (studentID) REFERENCES users(userID)
    ON DELETE CASCADE
	ON UPDATE CASCADE
);

CREATE TABLE interestList (
	interestID INT NOT NULL auto_increment,
    intDesc VARCHAR(30),
    constraint int_pk PRIMARY KEY (interestID)
) auto_increment = 1;
CREATE TABLE studentInterests (
	studentID int,
    interestID int,
    CONSTRAINT studentInterests_pk PRIMARY KEY (studentID, interestID),
    CONSTRAINT studentInterests_id_fk FOREIGN KEY (studentID) REFERENCES student(studentID)
    ON DELETE CASCADE
	ON UPDATE CASCADE,
	CONSTRAINT studentInterests_int_fk FOREIGN KEY (interestID) REFERENCES interestList(interestID)
    ON DELETE CASCADE
	ON UPDATE CASCADE
);

CREATE TABLE majorList (
	majorID int auto_increment,
    majorDescription VARCHAR(50),
    CONSTRAINT majorList_pk PRIMARY KEY (majorID)
) AUTO_INCREMENT =1;

CREATE TABLE studentMajor (
	studentID int,
    majorID int,
	CONSTRAINT studentMajor_student_fk FOREIGN KEY (studentID) REFERENCES student(studentID)
    ON DELETE CASCADE
	ON UPDATE CASCADE,
    CONSTRAINT studentMajor_majorList_fk FOREIGN KEY (majorID) REFERENCES majorList(majorID)
    ON DELETE CASCADE
	ON UPDATE CASCADE,
    CONSTRAINT studentMajor_pk PRIMARY KEY (studentID, majorID)
);



CREATE TABLE faculty (
	facultyID INT NOT NULL,
    fname VARCHAR(30),
    lname VARCHAR(30),
    email VARCHAR(30),
    phonenumber VARCHAR(30),
    location VARCHAR(30),
    CONSTRAINT faculty_pk PRIMARY KEY (facultyID),
    CONSTRAINT faculty_id_fk FOREIGN KEY (facultyID) REFERENCES users(userID)
    ON DELETE CASCADE
	ON UPDATE CASCADE
);

CREATE TABLE facultyInterests (
    facultyID INT,
    interestID INT,
    CONSTRAINT facultyInterests_pk PRIMARY KEY (facultyID, interestID),
    CONSTRAINT facultyInterests_faculty_fk FOREIGN KEY (facultyID) REFERENCES faculty(facultyID)
    ON DELETE CASCADE
	ON UPDATE CASCADE,
    CONSTRAINT facultyInterests_int_fk FOREIGN KEY (interestID) REFERENCES interestList(interestID)
    ON DELETE CASCADE
	ON UPDATE CASCADE
);

CREATE TABLE abstractList (
	abstractID int auto_increment,
	professorAbstract TEXT,
	CONSTRAINT absractList_pk PRIMARY KEY (abstractID)
) AUTO_INCREMENT = 1;
CREATE TABLE facultyAbstract (
	facultyID INT,
	abstractID INT,
	CONSTRAINT facultyAbstract_faculty_fk FOREIGN KEY (facultyID) REFERENCES faculty(facultyID)
    ON DELETE CASCADE
	ON UPDATE CASCADE,
    CONSTRAINT facultyAbstract_abstract_fk FOREIGN KEY (abstractID) REFERENCES abstractList(abstractID)
    ON DELETE CASCADE
	ON UPDATE CASCADE,
    CONSTRAINT facultyAbstract_pk PRIMARY KEY (facultyID, abstractID)
);

INSERT INTO Users (typeID, username, salt, encryptedPassword) VALUES 
('F','Jimhab','Pwi3jy9cb15MtSZW','t7NHo0V9jpJvh7YRahbq0eI2TVCepnAnziHre+ByrHY='), 
('S','jmd4173','ouVbBSVOk8NaQ3kC','t7OOzUMWgWZIQ7d539k2FB27kR3jcBfhWT5lVLuR6YY='), 
('G','Wegmans','8ipUanI75GViFSko','kjXl9IS+Yto+odjLQgU0gpScsMDd9JccOwuocht4BvE='),
('S','abc1234','qPaNSXt6R8a1ht27','Rw18gdp/PA7frMr084okXCt7j29TvcbKuvMc+G5ryzU=');
INSERT INTO guest (guestID, business, fname, lname, contactinfo) VALUES
(3, 'Wegmans','Mr','Wegman','wegmanscontact@gmail.com');
INSERT INTO student (studentID, fname, lname, email, phonenumber) VALUES
(2, 'John', 'DAngelo','jmd4173@rit.edu', '203-427-5637');
INSERT INTO student (studentID, fname, lname, email, phonenumber) VALUES
(4, 'Abigail', 'Barnaby', 'abc1234@rit.edu', '123-456-7890');

INSERT INTO interestList  VALUES (1, 'Pascal');
INSERT INTO interestList  VALUES (2, 'Java');
INSERT INTO interestList  VALUES (3, 'JDBC');
INSERT INTO interestList  VALUES (4, 'MySQL');
INSERT INTO interestList  VALUES (5, 'Python');
INSERT INTO interestList  VALUES (6, 'COBOL');
INSERT INTO interestList  VALUES (7, 'C');
INSERT INTO interestList  VALUES (8, 'CyberSecurity');
INSERT INTO interestList  VALUES (9, 'C++');
INSERT INTO interestList  VALUES (10, 'C#');
INSERT INTO interestList  VALUES (11, 'JavaScript');
INSERT INTO interestList  VALUES (12, 'PHP');
INSERT INTO interestList  VALUES (13, 'Ada');
INSERT INTO interestList  VALUES (14, "Ruby/Ruby on Rails");

INSERT INTO studentInterests (studentID, interestID) VALUES
(2,2),
(2,3),
(2,4),
(4,5),
(4,6),
(4,7);


INSERT INTO faculty (facultyID, fname, lname, email, phonenumber, location) VALUES
(1, 'Jim', 'Habermas','email','123-456-7890', 'Golisano');


INSERT INTO abstractList (abstractID, professorAbstract) VALUES
(1,'Im an abstract!'),
(2,'2nd Abstract here');



INSERT INTO facultyAbstract (facultyID, abstractID) VALUES
(1,1),
(1,2);

INSERT INTO facultyInterests (facultyID, interestID) VALUES
(1,1),
(1,2),
(1,3),
(1,4),
(1,5),
(1,6),
(1,7),
(1,8);

INSERT INTO majorList (majorDescription) VALUES
('Engineering'),
('Computer Science'),
('Computing Information Technology'),
('Data Analytics'),
('Art'),
('Biology'),
('Psychology'),
('Electrical Engineering'),
('Game Design');

INSERT INTO studentMajor (studentID, majorID) VALUES
(2, 3),
(2, 4),
(4, 5),
(4, 6); 
